{"cameraMode":{"drawMode":0,"name":"Shaded","section":"Shading Mode"},"sceneLighting":true,"audioPlay":false,"sceneViewState":{"m_AlwaysRefresh":false,"showFog":true,"showSkybox":true,"showFlares":true,"showImageEffects":true,"showParticleSystems":true,"showVisualEffectGraphs":true,"m_FxEnabled":true},"in2DMode":false,"pivot":{"x":-0.48069190979003909,"y":0.3798254430294037,"z":1.0462639331817628},"rotation":{"x":0.04797985777258873,"y":0.4036577045917511,"z":-0.02125502936542034,"w":0.9134341478347778},"size":1.3815160989761353,"orthographic":false}